-- Seed data untuk Supabase/PostgreSQL - Desa Bahontobungku

-- kepala_keluarga (Kepala Keluarga)
INSERT INTO kepala_keluarga (id, nama, nik) VALUES
(1, 'Bapak Abdul Rahman', '7212010101900001'),
(2, 'Ibu Fatimah Az-Zahra', '7212010202850002'),
(3, 'Bapak Wayan Sudana', '7212010303780003'),
(4, 'Ibu Sri Lestari', '7212010404920004'),
(5, 'Bapak I Gede Putra', '7212010505800005'),
(6, 'Ibu Nurhayati', '7212010606750006'),
(7, 'Bapak Budi Santoso', '7212010707880007'),
(8, 'Ibu Siti Aminah', '7212010808950008'),
(9, 'Bapak Made Wijaya', '7212010909820009'),
(10, 'Ibu Kartika Sari', '7212011010910010'),
(11, 'Bapak Joko Widodo', '7212011111700011'),
(12, 'Ibu Megawati Sukarno', '7212011212650012'),
(13, 'Bapak Susilo Bambang', '7212011301750013'),
(14, 'Ibu Ani Yudhoyono', '7212011402780014'),
(15, 'Bapak Prabowo Subianto', '7212011503700015'),
(16, 'Ibu Puan Maharani', '7212011604730016'),
(17, 'Bapak Ganjar Pranowo', '7212011705690017'),
(18, 'Ibu Khofifah Indar', '7212011806650018'),
(19, 'Bapak Anies Baswedan', '7212011907690019'),
(20, 'Ibu Retno Marsudi', '7212012008720020');

-- penduduk (Penduduk)
INSERT INTO penduduk (id, nama, nik, alamat, tanggal_lahir, jenis_kelamin, agama, id_kepala_keluarga) VALUES
(1, 'Ahmad Fauzi', '7212011111950011', 'Jl. Trans Sulawesi No. 10, Bahontobungku', '1995-11-11', 'Laki-laki', 'Islam', 1),
(2, 'Dewi Sartika', '7212011212980012', 'Jl. Pantai Indah No. 5, Bahontobungku', '1998-12-12', 'Perempuan', 'Islam', 1),
(3, 'Komang Ayu', '7212011301000013', 'Jl. Raya Morowali No. 20, Bahontobungku', '2000-01-01', 'Perempuan', 'Hindu', 3),
(4, 'Putu Bagus', '7212011402030014', 'Jl. Raya Morowali No. 20, Bahontobungku', '2003-02-02', 'Laki-laki', 'Hindu', 3),
(5, 'Joko Susilo', '7212011503870015', 'Jl. Kebun Cengkeh No. 15, Bahontobungku', '1987-03-03', 'Laki-laki', 'Islam', 6),
(6, 'Maria Angelina', '7212011604900016', 'Jl. Gereja Tua No. 8, Bahontobungku', '1990-04-04', 'Perempuan', 'Kristen', NULL),
(7, 'Nyoman Adnyana', '7212011705830017', 'Jl. Pura Agung No. 12, Bahontobungku', '1983-05-05', 'Laki-laki', 'Hindu', 5),
(8, 'Rina Wati', '7212011806960018', 'Jl. Sungai Bahontobungku No. 7, Bahontobungku', '1996-06-06', 'Perempuan', 'Islam', 8),
(9, 'Eko Prasetyo', '7212011907930019', 'Jl. Lingkar Desa No. 3, Bahontobungku', '1993-07-07', 'Laki-laki', 'Islam', 7),
(10, 'Siti Rahayu', '7212012008890020', 'Jl. Perkebunan Sawit No. 25, Bahontobungku', '1989-08-08', 'Perempuan', 'Islam', 2),
(11, 'Budi Santoso', '7212012109910021', 'Jl. Merdeka No. 1, Bahontobungku', '1991-09-01', 'Laki-laki', 'Islam', 11),
(12, 'Citra Kirana', '7212012210930022', 'Jl. Pahlawan No. 2, Bahontobungku', '1993-10-02', 'Perempuan', 'Islam', 11),
(13, 'Agus Salim', '7212012311880023', 'Jl. Sudirman No. 3, Bahontobungku', '1988-11-03', 'Laki-laki', 'Islam', 12),
(14, 'Dina Amelia', '7212012412900024', 'Jl. Diponegoro No. 4, Bahontobungku', '1990-12-04', 'Perempuan', 'Islam', 12),
(15, 'Fajar Ramadhan', '7212012501970025', 'Jl. Gajah Mada No. 5, Bahontobungku', '1997-01-05', 'Laki-laki', 'Islam', 13),
(16, 'Grace Natalia', '7212012602990026', 'Jl. Kartini No. 6, Bahontobungku', '1999-02-06', 'Perempuan', 'Kristen', 14),
(17, 'Hadi Wijaya', '7212012703850027', 'Jl. Imam Bonjol No. 7, Bahontobungku', '1985-03-07', 'Laki-laki', 'Islam', 15),
(18, 'Indah Permata', '7212012804920028', 'Jl. Hasanuddin No. 8, Bahontobungku', '1992-04-08', 'Perempuan', 'Islam', 16),
(19, 'Kevin Sanjaya', '7212012905950029', 'Jl. Pattimura No. 9, Bahontobungku', '1995-05-09', 'Laki-laki', 'Kristen', 17),
(20, 'Lina Marlina', '7212013006980030', 'Jl. Teuku Umar No. 10, Bahontobungku', '1998-06-10', 'Perempuan', 'Islam', 18),
(21, 'Muhammad Ilham', '7212013107900031', 'Jl. Cendana No. 11, Bahontobungku', '1990-07-11', 'Laki-laki', 'Islam', 1),
(22, 'Nurul Hikmah', '7212013208930032', 'Jl. Meranti No. 12, Bahontobungku', '1993-08-12', 'Perempuan', 'Islam', 2),
(23, 'Oscar Pratama', '7212013309870033', 'Jl. Kenanga No. 13, Bahontobungku', '1987-09-13', 'Laki-laki', 'Islam', 3),
(24, 'Putri Lestari', '7212013410910034', 'Jl. Melati No. 14, Bahontobungku', '1991-10-14', 'Perempuan', 'Islam', 4),
(25, 'Qoriatul Hasanah', '7212013511850035', 'Jl. Anggrek No. 15, Bahontobungku', '1985-11-15', 'Perempuan', 'Islam', 5),
(26, 'Rizky Fadillah', '7212013612980036', 'Jl. Dahlia No. 16, Bahontobungku', '1998-12-16', 'Laki-laki', 'Islam', 6),
(27, 'Siska Amelia', '7212013701920037', 'Jl. Kamboja No. 17, Bahontobungku', '1992-01-17', 'Perempuan', 'Islam', 7),
(28, 'Taufik Hidayat', '7212013802950038', 'Jl. Mawar No. 18, Bahontobungku', '1995-02-18', 'Laki-laki', 'Islam', 8),
(29, 'Umi Kalsum', '7212013903890039', 'Jl. Teratai No. 19, Bahontobungku', '1989-03-19', 'Perempuan', 'Islam', 9),
(30, 'Vicky Prasetyo', '7212014004970040', 'Jl. Bougenville No. 20, Bahontobungku', '1997-04-20', 'Laki-laki', 'Islam', 10),
(31, 'Wulan Sari', '7212014105940041', 'Jl. Flamboyan No. 21, Bahontobungku', '1994-05-21', 'Perempuan', 'Islam', 11),
(32, 'Xavier Wijaya', '7212014206880042', 'Jl. Sakura No. 22, Bahontobungku', '1988-06-22', 'Laki-laki', 'Kristen', 12),
(33, 'Yuni Rahmawati', '7212014307960043', 'Jl. Edelweiss No. 23, Bahontobungku', '1996-07-23', 'Perempuan', 'Islam', 13),
(34, 'Zainal Abidin', '7212014408900044', 'Jl. Tulip No. 24, Bahontobungku', '1990-08-24', 'Laki-laki', 'Islam', 14),
(35, 'Andi Setiawan', '7212014509830045', 'Jl. Matahari No. 25, Bahontobungku', '1983-09-25', 'Laki-laki', 'Islam', 15),
(36, 'Bella Putri', '7212014610990046', 'Jl. Bulan No. 26, Bahontobungku', '1999-10-26', 'Perempuan', 'Islam', 16),
(37, 'Cahya Gumilang', '7212014711910047', 'Jl. Bintang No. 27, Bahontobungku', '1991-11-27', 'Laki-laki', 'Islam', 17),
(38, 'Dian Permata', '7212014812940048', 'Jl. Pelangi No. 28, Bahontobungku', '1994-12-28', 'Perempuan', 'Islam', 18),
(39, 'Fahmi Khoirudin', '7212014901880049', 'Jl. Awan No. 29, Bahontobungku', '1988-01-29', 'Laki-laki', 'Islam', 19),
(40, 'Gita Ayu', '7212015002960050', 'Jl. Langit No. 30, Bahontobungku', '1996-02-01', 'Perempuan', 'Islam', 20),
(41, 'Herman Susanto', '7212015103900051', 'Jl. Laut No. 31, Bahontobungku', '1990-03-02', 'Laki-laki', 'Islam', 1),
(42, 'Irma Suryani', '7212015204930052', 'Jl. Samudera No. 32, Bahontobungku', '1993-04-03', 'Perempuan', 'Islam', 2),
(43, 'Jajang Nurjaman', '7212015305870053', 'Jl. Karang No. 33, Bahontobungku', '1987-05-04', 'Laki-laki', 'Islam', 3),
(44, 'Kartika Dewi', '7212015406910054', 'Jl. Pasir No. 34, Bahontobungku', '1991-06-05', 'Perempuan', 'Islam', 4),
(45, 'Lukman Hakim', '7212015507850055', 'Jl. Batu No. 35, Bahontobungku', '1985-07-06', 'Laki-laki', 'Islam', 5),
(46, 'Mega Wati', '7212015608980056', 'Jl. Tanah No. 36, Bahontobungku', '1998-08-07', 'Perempuan', 'Islam', 6),
(47, 'Nanda Putra', '7212015709920057', 'Jl. Bukit No. 37, Bahontobungku', '1992-09-08', 'Laki-laki', 'Islam', 7),
(48, 'Olivia Cahaya', '7212015810950058', 'Jl. Gunung No. 38, Bahontobungku', '1995-10-09', 'Perempuan', 'Islam', 8),
(49, 'Pandu Wicaksono', '7212015911890059', 'Jl. Lembah No. 39, Bahontobungku', '1989-11-10', 'Laki-laki', 'Islam', 9),
(50, 'Qonita Salma', '7212016012970060', 'Jl. Hutan No. 40, Bahontobungku', '1997-12-11', 'Perempuan', 'Islam', 10),
(51, 'Rudi Hartono', '7212016101940061', 'Jl. Sawah No. 41, Bahontobungku', '1994-01-12', 'Laki-laki', 'Islam', 11),
(52, 'Sinta Bella', '7212016202900062', 'Jl. Ladang No. 42, Bahontobungku', '1990-02-13', 'Perempuan', 'Islam', 12),
(53, 'Teguh Prasetya', '7212016303840063', 'Jl. Kebun No. 43, Bahontobungku', '1984-03-14', 'Laki-laki', 'Islam', 13),
(54, 'Ulfah Nuraini', '7212016404960064', 'Jl. Sungai No. 44, Bahontobungku', '1996-04-15', 'Perempuan', 'Islam', 14),
(55, 'Vina Oktaviani', '7212016505900065', 'Jl. Danau No. 45, Bahontobungku', '1990-05-16', 'Perempuan', 'Islam', 15),
(56, 'Wahyu Ramadhan', '7212016606830066', 'Jl. Rawa No. 46, Bahontobungku', '1983-06-17', 'Laki-laki', 'Islam', 16),
(57, 'Yulia Sari', '7212016707980067', 'Jl. Empang No. 47, Bahontobungku', '1998-07-18', 'Perempuan', 'Islam', 17),
(58, 'Zaki Maulana', '7212016808920068', 'Jl. Pantai No. 48, Bahontobungku', '1992-08-19', 'Laki-laki', 'Islam', 18),
(59, 'Aldi Pratama', '7212016909950069', 'Jl. Dermaga No. 49, Bahontobungku', '1995-09-20', 'Laki-laki', 'Islam', 19),
(60, 'Bunga Citra', '7212017010890070', 'Jl. Mercusuar No. 50, Bahontobungku', '1989-10-21', 'Perempuan', 'Islam', 20),
(61, 'Candra Wijaya', '7212017111970071', 'Jl. Pelabuhan No. 51, Bahontobungku', '1997-11-22', 'Laki-laki', 'Islam', 1),
(62, 'Dwi Novita', '7212017212940072', 'Jl. Nelayan No. 52, Bahontobungku', '1994-12-23', 'Perempuan', 'Islam', 2),
(63, 'Fandi Ahmad', '7212017301880073', 'Jl. Perahu No. 53, Bahontobungku', '1988-01-24', 'Laki-laki', 'Islam', 3),
(64, 'Gita Sari', '7212017402960074', 'Jl. Jaring No. 54, Bahontobungku', '1996-02-25', 'Perempuan', 'Islam', 4),
(65, 'Hendra Gunawan', '7212017503900075', 'Jl. Pancing No. 55, Bahontobungku', '1990-03-26', 'Laki-laki', 'Islam', 5),
(66, 'Intan Permata Sari', '7212017604930076', 'Jl. Jangkar No. 56, Bahontobungku', '1993-04-27', 'Perempuan', 'Islam', 6),
(67, 'Joko Santoso', '7212017705870077', 'Jl. Kompas No. 57, Bahontobungku', '1987-05-28', 'Laki-laki', 'Islam', 7),
(68, 'Kiki Amalia', '7212017806910078', 'Jl. Layar No. 58, Bahontobungku', '1991-06-29', 'Perempuan', 'Islam', 8),
(69, 'Leo Wijaya', '7212017907850079', 'Jl. Kemudi No. 59, Bahontobungku', '1985-07-30', 'Laki-laki', 'Islam', 9),
(70, 'Mita Lestari', '7212018008980080', 'Jl. Jangkar No. 60, Bahontobungku', '1998-08-01', 'Perempuan', 'Islam', 10),
(71, 'Niko Prasetyo', '7212018109920081', 'Jl. Perahu No. 61, Bahontobungku', '1992-09-02', 'Laki-laki', 'Islam', 11),
(72, 'Putri Indah', '7212018210950082', 'Jl. Jaring No. 62, Bahontobungku', '1995-10-03', 'Perempuan', 'Islam', 12),
(73, 'Rahmat Hidayat', '7212018311890083', 'Jl. Pancing No. 63, Bahontobungku', '1989-11-04', 'Laki-laki', 'Islam', 13),
(74, 'Sari Wulandari', '7212018412970084', 'Jl. Jangkar No. 64, Bahontobungku', '1997-12-05', 'Perempuan', 'Islam', 14),
(75, 'Taufik Rahman', '7212018501940085', 'Jl. Kompas No. 65, Bahontobungku', '1994-01-06', 'Laki-laki', 'Islam', 15),
(76, 'Uswatun Hasanah', '7212018602900086', 'Jl. Layar No. 66, Bahontobungku', '1990-02-07', 'Perempuan', 'Islam', 16),
(77, 'Vino G Bastian', '7212018703840087', 'Jl. Kemudi No. 67, Bahontobungku', '1984-03-08', 'Laki-laki', 'Islam', 17),
(78, 'Wina Fitriani', '7212018804960088', 'Jl. Jangkar No. 68, Bahontobungku', '1996-04-09', 'Perempuan', 'Islam', 18),
(79, 'Yusuf Maulana', '7212018905900089', 'Jl. Perahu No. 69, Bahontobungku', '1990-05-10', 'Laki-laki', 'Islam', 19),
(80, 'Zahra Putri', '7212019006830090', 'Jl. Jaring No. 70, Bahontobungku', '1983-06-11', 'Perempuan', 'Islam', 20),
(81, 'Aldo Firmansyah', '7212019107980091', 'Jl. Pancing No. 71, Bahontobungku', '1998-07-12', 'Laki-laki', 'Islam', 1),
(82, 'Bela Safira', '7212019208920092', 'Jl. Jangkar No. 72, Bahontobungku', '1992-08-13', 'Perempuan', 'Islam', 2),
(83, 'Ciko Aditama', '7212019309950093', 'Jl. Kompas No. 73, Bahontobungku', '1995-09-14', 'Laki-laki', 'Islam', 3),
(84, 'Dinda Ayu', '7212019410890094', 'Jl. Layar No. 74, Bahontobungku', '1989-10-15', 'Perempuan', 'Islam', 4),
(85, 'Eka Putra', '7212019511970095', 'Jl. Kemudi No. 75, Bahontobungku', '1997-11-16', 'Laki-laki', 'Islam', 5),
(86, 'Feni Oktavia', '7212019612940096', 'Jl. Jangkar No. 76, Bahontobungku', '1994-12-17', 'Perempuan', 'Islam', 6),
(87, 'Gilang Ramadhan', '7212019701880097', 'Jl. Perahu No. 77, Bahontobungku', '1988-01-18', 'Laki-laki', 'Islam', 7),
(88, 'Hana Fitri', '7212019802960098', 'Jl. Jaring No. 78, Bahontobungku', '1996-02-19', 'Perempuan', 'Islam', 8),
(89, 'Irfan Hakim', '7212019903900099', 'Jl. Pancing No. 79, Bahontobungku', '1990-03-20', 'Laki-laki', 'Islam', 9),
(90, 'Jihan Fahira', '7212020004930100', 'Jl. Jangkar No. 80, Bahontobungku', '1993-04-21', 'Perempuan', 'Islam', 10),
(91, 'Kurniawan Dwi', '7212020105870101', 'Jl. Kompas No. 81, Bahontobungku', '1987-05-22', 'Laki-laki', 'Islam', 11),
(92, 'Laila Sari', '7212020206910102', 'Jl. Layar No. 82, Bahontobungku', '1991-06-23', 'Perempuan', 'Islam', 12),
(93, 'Maman Suparman', '7212020307850103', 'Jl. Kemudi No. 83, Bahontobungku', '1985-07-24', 'Laki-laki', 'Islam', 13),
(94, 'Nia Ramadhani', '7212020408980104', 'Jl. Jangkar No. 84, Bahontobungku', '1998-08-25', 'Perempuan', 'Islam', 14),
(95, 'Oki Setiana', '7212020509920105', 'Jl. Perahu No. 85, Bahontobungku', '1992-09-26', 'Perempuan', 'Islam', 15),
(96, 'Putra Pratama', '7212020610950106', 'Jl. Jaring No. 86, Bahontobungku', '1995-10-27', 'Laki-laki', 'Islam', 16),
(97, 'Rani Suryani', '7212020711890107', 'Jl. Pancing No. 87, Bahontobungku', '1989-11-28', 'Perempuan', 'Islam', 17),
(98, 'Slamet Riyadi', '7212020812970108', 'Jl. Jangkar No. 88, Bahontobungku', '1997-12-29', 'Laki-laki', 'Islam', 18),
(99, 'Tuti Handayani', '7212020901940109', 'Jl. Kompas No. 89, Bahontobungku', '1994-01-30', 'Perempuan', 'Islam', 19),
(100, 'Umar Bakri', '7212021002900110', 'Jl. Layar No. 90, Bahontobungku', '1990-02-01', 'Laki-laki', 'Islam', 20);

-- berita (Berita)
INSERT INTO berita (id, foto, judul, isi, tanggal_terbit, penulis, status) VALUES
(1, '1742707000001.png', 'Gotong Royong Pembersihan Lingkungan Desa Bahontobungku', 'Warga Desa Bahontobungku melaksanakan kegiatan gotong royong membersihkan lingkungan desa, fokus pada drainase dan area publik. Kegiatan ini bertujuan untuk menjaga kebersihan dan mencegah banjir, terutama menjelang musim hujan. Partisipasi aktif dari seluruh elemen masyarakat menunjukkan semangat kebersamaan yang tinggi.', '2025-07-15', 'Admin Desa', 'Dipublikasi'),
(2, '1742707000002.png', 'Pelatihan Budidaya Rumput Laut untuk Peningkatan Ekonomi Warga', 'Dinas Kelautan dan Perikanan Morowali mengadakan pelatihan budidaya rumput laut bagi masyarakat pesisir Bahontobungku. Program ini diharapkan dapat membuka peluang ekonomi baru dan meningkatkan pendapatan keluarga, mengingat potensi kelautan yang melimpah di wilayah ini.', '2025-07-14', 'Pemerintah Daerah', 'Dipublikasi'),
(3, '1742707000003.png', 'Peresmian Balai Pertemuan Desa Bahontobungku', 'Balai Pertemuan Desa Bahontobungku secara resmi diresmikan oleh Bupati Morowali. Fasilitas ini diharapkan dapat menjadi pusat kegiatan sosial, budaya, dan musyawarah warga, serta mendukung berbagai program pembangunan desa.', '2025-07-13', 'Kepala Desa', 'Dipublikasi'),
(4, '1742707000004.png', 'Penyuluhan Kesehatan Pencegahan Stunting di Posyandu', 'Puskesmas Bahontobungku mengadakan penyuluhan kesehatan tentang pencegahan stunting pada balita. Kegiatan ini melibatkan ibu-ibu dan kader posyandu untuk meningkatkan kesadaran akan pentingnya gizi seimbang sejak dini.', '2025-07-12', 'Tim Kesehatan Desa', 'Dipublikasi'),
(5, '1742707000005.png', 'Turnamen Bola Voli Antar Dusun Meriahkan HUT RI ke-80', 'Dalam rangka memeriahkan Hari Ulang Tahun Kemerdekaan Republik Indonesia ke-80, Desa Bahontobungku menyelenggarakan turnamen bola voli antar dusun. Acara ini tidak hanya sebagai ajang kompetisi, tetapi juga mempererat tali silaturahmi antar warga.', '2025-07-11', 'Panitia HUT RI', 'Dipublikasi'),
(6, '1742707000006.png', 'Program Penanaman Mangrove untuk Konservasi Pesisir', 'Komunitas lingkungan bersama warga Bahontobungku memulai program penanaman bibit mangrove di area pesisir. Inisiatif ini bertujuan untuk mencegah abrasi, menjaga ekosistem laut, dan mendukung keberlanjutan lingkungan.', '2025-07-10', 'Komunitas Peduli Lingkungan', 'Dipublikasi'),
(7, '1742707000007.png', 'Sosialisasi Program Bantuan Sosial Tunai (BST) Tahap II', 'Pemerintah Desa Bahontobungku mengadakan sosialisasi dan pendistribusian Bantuan Sosial Tunai (BST) Tahap II kepada keluarga penerima manfaat. Diharapkan bantuan ini dapat meringankan beban ekonomi masyarakat di tengah kondisi saat ini.', '2025-07-09', 'Pemerintah Desa', 'Dipublikasi'),
(8, '1742707000008.png', 'Pengembangan Potensi Wisata Air Terjun Desa Bahontobungku', 'Pemerintah desa dan kelompok sadar wisata sedang mengkaji potensi pengembangan Air Terjun Bahontobungku sebagai destinasi wisata unggulan. Rencana ini mencakup perbaikan akses jalan dan fasilitas pendukung.', '2025-07-08', 'Pokdarwis Desa', 'Draft'),
(9, '1742707000009.png', 'Peningkatan Kualitas Pendidikan Melalui Program Belajar Tambahan', 'Relawan pendidikan di Bahontobungku memulai program belajar tambahan untuk siswa sekolah dasar. Fokus utama pada mata pelajaran dasar seperti matematika dan bahasa Indonesia untuk meningkatkan prestasi akademik anak-anak desa.', '2025-07-07', 'Relawan Pendidikan', 'Dipublikasi'),
(10, '1742707000010.png', 'Musyawarah Desa Rencana Pembangunan Tahun Anggaran 2026', 'Pemerintah Desa Bahontobungku mengadakan musyawarah desa untuk menyusun rencana pembangunan tahun anggaran 2026. Seluruh elemen masyarakat diundang untuk memberikan masukan dan prioritas pembangunan.', '2025-07-06', 'Pemerintah Desa', 'Dipublikasi'),
(11, '1742707000011.png', 'Normalisasi Sungai untuk Pencegahan Banjir', 'Proyek normalisasi sungai di Desa Bahontobungku dimulai untuk mengatasi masalah banjir yang sering terjadi saat musim hujan. Proyek ini melibatkan pengerukan sedimen dan pelebaran bantaran sungai.', '2025-07-05', 'Dinas Pekerjaan Umum', 'Dipublikasi'),
(12, '1742707000012.png', 'Gerakan Penanaman Pohon Buah di Lahan Kosong Desa', 'Warga desa berpartisipasi dalam gerakan penanaman pohon buah di lahan-lahan kosong. Inisiatif ini bertujuan untuk meningkatkan ketahanan pangan lokal dan penghijauan desa.', '2025-07-04', 'Kelompok Tani Desa', 'Dipublikasi'),
(13, '1742707000013.png', 'Penyuluhan Hukum dan Kesadaran Pajak untuk Warga', 'Kantor Pajak Pratama Morowali bekerja sama dengan Pemerintah Desa Bahontobungku mengadakan penyuluhan hukum dan kesadaran pajak bagi warga. Materi meliputi hak dan kewajiban sebagai wajib pajak.', '2025-07-03', 'Kantor Pajak Pratama', 'Dipublikasi'),
(14, '1742707000014.png', 'Perayaan Hari Anak Nasional dengan Berbagai Lomba', 'Desa Bahontobungku merayakan Hari Anak Nasional dengan mengadakan berbagai lomba kreatif dan edukatif untuk anak-anak. Acara ini bertujuan untuk menumbuhkan semangat kebersamaan dan kreativitas.', '2025-07-02', 'PKK Desa', 'Dipublikasi'),
(15, '1742707000015.png', 'Program Pelatihan Pengelolaan Sampah Berbasis Komunitas', 'Dinas Lingkungan Hidup mengadakan pelatihan pengelolaan sampah berbasis komunitas di Desa Bahontobungku. Peserta diajarkan cara memilah dan mendaur ulang sampah rumah tangga.', '2025-07-01', 'Dinas Lingkungan Hidup', 'Dipublikasi'),
(16, '1742707100016.png', 'Pembangunan Jaringan Irigasi Tersier untuk Pertanian', 'Proyek pembangunan jaringan irigasi tersier sedang berlangsung di area persawahan desa. Diharapkan dapat meningkatkan produktivitas pertanian dan efisiensi penggunaan air.', '2025-06-30', 'Dinas Pertanian', 'Dipublikasi'),
(17, '1742707100017.png', 'Sosialisasi Bahaya Narkoba dan Kenakalan Remaja', 'Badan Narkotika Nasional (BNN) bekerja sama dengan Pemerintah Desa mengadakan sosialisasi bahaya narkoba dan kenakalan remaja bagi pemuda desa. Pentingnya peran keluarga dalam pengawasan juga ditekankan.', '2025-06-29', 'BNN Morowali', 'Dipublikasi'),
(18, '1742707100018.png', 'Peningkatan Kapasitas BUMDes Melalui Pelatihan Manajemen', 'Pengurus Badan Usaha Milik Desa (BUMDes) Bahontobungku mengikuti pelatihan manajemen dan pengembangan usaha. Tujuannya untuk meningkatkan kinerja BUMDes dalam mengelola potensi ekonomi desa.', '2025-06-28', 'Dinas Koperasi dan UKM', 'Dipublikasi'),
(19, '1742707100019.png', 'Workshop Kerajinan Tangan dari Bahan Lokal', 'Kelompok ibu-ibu PKK Desa Bahontobungku mengikuti workshop kerajinan tangan menggunakan bahan-bahan lokal seperti tempurung kelapa dan eceng gondok. Hasil karya diharapkan dapat menjadi produk unggulan desa.', '2025-06-27', 'Dekranasda Kab. Morowali', 'Dipublikasi'),
(20, '1742707100020.png', 'Pengadaan Lampu Penerangan Jalan Umum di Beberapa Titik', 'Pemerintah desa melakukan pengadaan dan pemasangan lampu penerangan jalan umum di beberapa titik strategis. Diharapkan dapat meningkatkan keamanan dan kenyamanan warga di malam hari.', '2025-06-26', 'Pemerintah Desa', 'Dipublikasi');

-- danakeluar (Dana Keluar)
INSERT INTO dana_keluar (id, tahun, bulan, jumlah, kategori, keterangan, created_at, updated_at) VALUES
(1, 2025, 1, 7500000.00, 'Pembangunan Infrastruktur', 'Pembelian material untuk perbaikan jalan desa', '2025-01-10 10:00:00', '2025-01-10 10:00:00'),
(2, 2025, 1, 2500000.00, 'Kegiatan Sosial', 'Penyaluran bantuan sembako untuk warga kurang mampu', '2025-01-20 11:30:00', '2025-01-20 11:30:00'),
(3, 2025, 2, 12000000.00, 'Pembangunan Infrastruktur', 'Biaya upah pekerja pembangunan balai desa', '2025-02-05 14:00:00', '2025-02-05 14:00:00'),
(4, 2025, 2, 1500000.00, 'Pendidikan', 'Pembelian alat tulis dan buku untuk PAUD desa', '2025-02-15 09:00:00', '2025-02-15 09:00:00'),
(5, 2025, 3, 5000000.00, 'Kesehatan', 'Pengadaan obat-obatan dan vitamin untuk Posyandu', '2025-03-01 13:00:00', '2025-03-01 13:00:00'),
(6, 2025, 3, 3000000.00, 'Kegiatan Pemuda', 'Dana operasional turnamen olahraga antar dusun', '2025-03-10 16:00:00', '2025-03-10 16:00:00'),
(7, 2025, 4, 8000000.00, 'Kebersihan Lingkungan', 'Pembelian tong sampah dan biaya pengangkutan sampah', '2025-04-05 08:30:00', '2025-04-05 08:30:00'),
(8, 2025, 4, 1000000.00, 'Administrasi Desa', 'Pembelian ATK dan kebutuhan kantor desa', '2025-04-12 10:00:00', '2025-04-12 10:00:00'),
(9, 2025, 5, 6000000.00, 'Pertanian', 'Pembelian bibit unggul untuk petani desa', '2025-05-01 11:00:00', '2025-05-01 11:00:00'),
(10, 2025, 5, 4000000.00, 'Keamanan', 'Pembelian perlengkapan pos kamling dan honor ronda', '2025-05-10 15:00:00', '2025-05-10 15:00:00'),
(11, 2025, 6, 9500000.00, 'Pembangunan Infrastruktur', 'Biaya normalisasi sungai desa', '2025-06-05 10:00:00', '2025-06-05 10:00:00'),
(12, 2025, 6, 2000000.00, 'Penghijauan', 'Pembelian bibit pohon buah untuk lahan kosong', '2025-06-15 14:00:00', '2025-06-15 14:00:00'),
(13, 2025, 7, 3500000.00, 'Pendidikan', 'Pengadaan buku perpustakaan desa', '2025-07-01 09:00:00', '2025-07-01 09:00:00'),
(14, 2025, 7, 1800000.00, 'Kegiatan Budaya', 'Dana operasional perayaan Hari Kemerdekaan', '2025-07-10 11:00:00', '2025-07-10 11:00:00'),
(15, 2025, 8, 7000000.00, 'Kesehatan', 'Biaya operasional posyandu dan penyuluhan kesehatan', '2025-08-01 13:00:00', '2025-08-01 13:00:00'),
(16, 2025, 8, 2500000.00, 'Pemberdayaan Masyarakat', 'Pelatihan kerajinan tangan untuk ibu-ibu PKK', '2025-08-15 10:00:00', '2025-08-15 10:00:00'),
(17, 2025, 9, 10000000.00, 'Pembangunan Infrastruktur', 'Pembangunan jaringan irigasi tersier', '2025-09-01 08:00:00', '2025-09-01 08:00:00'),
(18, 2025, 9, 1200000.00, 'Administrasi Desa', 'Perbaikan sistem komputerisasi kantor desa', '2025-09-10 14:00:00', '2025-09-10 14:00:00'),
(19, 2025, 10, 5500000.00, 'Kebersihan Lingkungan', 'Pengadaan fasilitas tempat pembuangan sampah sementara', '2025-10-01 11:00:00', '2025-10-01 11:00:00'),
(20, 2025, 10, 3000000.00, 'Keamanan', 'Pengadaan CCTV untuk area publik desa', '2025-10-15 16:00:00', '2025-10-15 16:00:00');

-- danamasuk (Dana Masuk)
INSERT INTO dana_masuk (id, tahun, bulan, jumlah, sumber, keterangan, created_at, updated_at) VALUES
(1, 2025, 1, 15000000.00, 'Alokasi Dana Desa (ADD)', 'Pencairan ADD Tahap I dari Pemerintah Kabupaten', '2025-01-05 09:00:00', '2025-01-05 09:00:00'),
(2, 2025, 1, 3000000.00, 'Swadaya Masyarakat', 'Donasi sukarela dari warga untuk pembangunan balai desa', '2025-01-15 14:00:00', '2025-01-15 14:00:00'),
(3, 2025, 2, 20000000.00, 'Dana Desa (DD)', 'Pencairan Dana Desa Tahap I dari Pemerintah Pusat', '2025-02-01 10:00:00', '2025-02-01 10:00:00'),
(4, 2025, 2, 1000000.00, 'Sumbangan Pihak Ketiga', 'Bantuan dari perusahaan lokal untuk program kebersihan', '2025-02-20 11:00:00', '2025-02-20 11:00:00'),
(5, 2025, 3, 5000000.00, 'Retribusi Desa', 'Pendapatan dari pengelolaan pasar desa', '2025-03-05 13:00:00', '2025-03-05 13:00:00'),
(6, 2025, 3, 2500000.00, 'Bantuan Provinsi', 'Dana dukungan program pemberdayaan masyarakat', '2025-03-15 09:30:00', '2025-03-15 09:30:00'),
(7, 2025, 4, 18000000.00, 'Alokasi Dana Desa (ADD)', 'Pencairan ADD Tahap II dari Pemerintah Kabupaten', '2025-04-01 10:00:00', '2025-04-01 10:00:00'),
(8, 2025, 4, 4000000.00, 'Hasil Usaha Desa', 'Pendapatan dari unit usaha BUMDes', '2025-04-10 15:00:00', '2025-04-10 15:00:00'),
(9, 2025, 5, 22000000.00, 'Dana Desa (DD)', 'Pencairan Dana Desa Tahap II dari Pemerintah Pusat', '2025-05-01 10:00:00', '2025-05-01 10:00:00'),
(10, 2025, 5, 1500000.00, 'Donasi Individu', 'Sumbangan dari perantau untuk kegiatan desa', '2025-05-20 16:00:00', '2025-05-20 16:00:00'),
(11, 2025, 6, 16000000.00, 'Bantuan Keuangan Provinsi', 'Dana dukungan program pembangunan infrastruktur desa', '2025-06-01 09:00:00', '2025-06-01 09:00:00'),
(12, 2025, 6, 2800000.00, 'Penjualan Hasil BUMDes', 'Pendapatan dari penjualan produk kerajinan desa', '2025-06-10 14:00:00', '2025-06-10 14:00:00'),
(13, 2025, 7, 21000000.00, 'Alokasi Dana Desa (ADD)', 'Pencairan ADD Tahap III dari Pemerintah Kabupaten', '2025-07-01 10:00:00', '2025-07-01 10:00:00'),
(14, 2025, 7, 1200000.00, 'Sumbangan Masyarakat', 'Donasi untuk perayaan Hari Kemerdekaan RI', '2025-07-15 11:00:00', '2025-07-15 11:00:00'),
(15, 2025, 8, 6000000.00, 'Retribusi Pengelolaan Sampah', 'Pendapatan dari iuran pengelolaan sampah warga', '2025-08-05 13:00:00', '2025-08-05 13:00:00'),
(16, 2025, 8, 3500000.00, 'Bantuan CSR Perusahaan', 'Dana Corporate Social Responsibility dari perusahaan tambang', '2025-08-20 09:30:00', '2025-08-20 09:30:00'),
(17, 2025, 9, 25000000.00, 'Dana Desa (DD)', 'Pencairan Dana Desa Tahap III dari Pemerintah Pusat', '2025-09-01 10:00:00', '2025-09-01 10:00:00'),
(18, 2025, 9, 4500000.00, 'Hasil Sewa Aset Desa', 'Pendapatan dari penyewaan balai desa dan lahan pertanian', '2025-09-10 15:00:00', '2025-09-10 15:00:00'),
(19, 2025, 10, 17000000.00, 'Alokasi Dana Desa (ADD)', 'Pencairan ADD Tahap Akhir dari Pemerintah Kabupaten', '2025-10-01 10:00:00', '2025-10-01 10:00:00'),
(20, 2025, 10, 2000000.00, 'Donasi Lembaga Swasta', 'Sumbangan dari NGO untuk program pendidikan anak', '2025-10-20 16:00:00', '2025-10-20 16:00:00');

-- media (Media)
INSERT INTO media (id, nama, tipe, file, deskripsi, thumbnail, created_at, updated_at) VALUES
(1, 'Kegiatan Gotong Royong', 'foto', '1742707100001.png', 'Warga desa bahontobungku bergotong royong membersihkan lingkungan', NULL, '2025-07-15 10:00:00', '2025-07-15 10:00:00'),
(2, 'Pelatihan Budidaya Rumput Laut', 'foto', '1742707100002.png', 'Peserta pelatihan budidaya rumput laut di pesisir Bahontobungku', NULL, '2025-07-14 11:00:00', '2025-07-14 11:00:00'),
(3, 'Peresmian Balai Desa', 'video', '1742707100003.mp4', 'Dokumentasi peresmian Balai Pertemuan Desa Bahontobungku', '1742707100003.jpg', '2025-07-13 14:00:00', '2025-07-13 14:00:00'),
(4, 'Penyuluhan Stunting', 'foto', '1742707100004.png', 'Sesi penyuluhan kesehatan pencegahan stunting di Posyandu', NULL, '2025-07-12 09:30:00', '2025-07-12 09:30:00'),
(5, 'Turnamen Voli HUT RI', 'video', '1742707100005.mp4', 'Cuplikan pertandingan turnamen bola voli antar dusun', '1742707100005.jpg', '2025-07-11 16:00:00', '2025-07-11 16:00:00'),
(6, 'Penanaman Mangrove', 'foto', '1742707100006.png', 'Kegiatan penanaman bibit mangrove oleh komunitas dan warga', NULL, '2025-07-10 08:00:00', '2025-07-10 08:00:00'),
(7, 'Sosialisasi BST', 'dokumen', '1742707100007.pdf', 'Dokumen materi sosialisasi Bantuan Sosial Tunai (BST)', NULL, '2025-07-09 13:00:00', '2025-07-09 13:00:00'),
(8, 'Potensi Wisata Air Terjun', 'foto', '1742707100008.png', 'Foto keindahan Air Terjun Bahontobungku', NULL, '2025-07-08 15:00:00', '2025-07-08 15:00:00'),
(9, 'Program Belajar Tambahan', 'foto', '1742707100009.png', 'Siswa-siswi mengikuti program belajar tambahan di balai desa', NULL, '2025-07-07 14:30:00', '2025-07-07 14:30:00'),
(10, 'Musyawarah Desa', 'video', '1742707100010.mp4', 'Rekaman musyawarah desa perencanaan pembangunan 2026', '1742707100010.jpg', '2025-07-06 10:00:00', '2025-07-06 10:00:00'),
(11, 'Normalisasi Sungai', 'foto', '1742707100011.png', 'Proses normalisasi sungai untuk pencegahan banjir', NULL, '2025-07-05 10:00:00', '2025-07-05 10:00:00'),
(12, 'Penanaman Pohon Buah', 'foto', '1742707100012.png', 'Kegiatan penanaman bibit pohon buah di lahan desa', NULL, '2025-07-04 11:00:00', '2025-07-04 11:00:00'),
(13, 'Penyuluhan Hukum', 'dokumen', '1742707100013.pdf', 'Materi penyuluhan hukum dan kesadaran pajak', NULL, '2025-07-03 14:00:00', '2025-07-03 14:00:00'),
(14, 'Lomba Hari Anak Nasional', 'video', '1742707100014.mp4', 'Cuplikan lomba anak-anak dalam rangka Hari Anak Nasional', '1742707100014.jpg', '2025-07-02 16:00:00', '2025-07-02 16:00:00'),
(15, 'Pelatihan Pengelolaan Sampah', 'foto', '1742707100015.png', 'Peserta pelatihan pengelolaan sampah berbasis komunitas', NULL, '2025-07-01 09:30:00', '2025-07-01 09:30:00'),
(16, 'Jaringan Irigasi Tersier', 'foto', '1742707100016.png', 'Proyek pembangunan jaringan irigasi di persawahan desa', NULL, '2025-06-30 08:00:00', '2025-06-30 08:00:00'),
(17, 'Sosialisasi Bahaya Narkoba', 'dokumen', '1742707100017.pdf', 'Materi sosialisasi bahaya narkoba dan kenakalan remaja', NULL, '2025-06-29 13:00:00', '2025-06-29 13:00:00'),
(18, 'Pelatihan Manajemen BUMDes', 'foto', '1742707100018.png', 'Pengurus BUMDes mengikuti pelatihan manajemen', NULL, '2025-06-28 15:00:00', '2025-06-28 15:00:00'),
(19, 'Workshop Kerajinan Tangan', 'video', '1742707100019.mp4', 'Dokumentasi workshop kerajinan tangan ibu-ibu PKK', '1742707100019.jpg', '2025-06-27 14:30:00', '2025-06-27 14:30:00'),
(20, 'Pemasangan Lampu PJU', 'foto', '1742707100020.png', 'Pemasangan lampu penerangan jalan umum di desa', NULL, '2025-06-26 10:00:00', '2025-06-26 10:00:00');

-- pelayanan (Pelayanan)
-- Catatan: Kategori layanan di bawah telah disesuaikan agar sesuai dengan ENUM yang didefinisikan dalam skema database.
-- Jika Anda membutuhkan kategori yang lebih spesifik seperti 'Perizinan' atau 'Kesejahteraan Sosial',
-- Anda perlu memperbarui definisi ENUM 'pelayanan_kategori_enum' di file migrasi Anda.
INSERT INTO pelayanan (id, nama_layanan, kategori, deskripsi, link_google_form, created_at, updated_at) VALUES
(1, 'Pengajuan Akta Kelahiran', 'Pencatatan Sipil', 'Layanan pengajuan akta kelahiran bagi warga Desa Bahontobungku.', 'https://forms.gle/AktaKelahiranDesa', '2025-03-19 22:24:24', '2025-03-19 22:26:32'),
(2, 'Pembuatan Kartu Keluarga (KK)', 'Dokumen Identitas', 'Layanan pembuatan dan perubahan data Kartu Keluarga.', 'https://forms.gle/KartuKeluargaDesa', '2025-03-19 22:25:10', '2025-03-19 22:25:10'),
(3, 'Surat Keterangan Domisili', 'Kependudukan', 'Penerbitan surat keterangan domisili untuk berbagai keperluan.', 'https://forms.gle/SuratDomisiliDesa', '2025-03-19 22:25:49', '2025-03-21 06:01:43'),
(4, 'Pengurusan Izin Usaha Mikro', 'Kependudukan', 'Bantuan pengurusan izin usaha bagi pelaku usaha mikro di desa.', 'https://forms.gle/IzinUsahaMikro', '2025-03-21 06:02:17', '2025-03-21 19:41:13'),
(5, 'Surat Pengantar Nikah', 'Pencatatan Sipil', 'Penerbitan surat pengantar untuk keperluan pernikahan.', 'https://forms.gle/SuratPengantarNikah', '2025-03-21 19:41:30', '2025-03-21 19:41:30'),
(6, 'Pengajuan KTP Elektronik', 'Dokumen Identitas', 'Layanan pengajuan dan perbaikan data KTP Elektronik.', 'https://forms.gle/KTPDesaBahontobungku', '2025-07-01 08:00:00', '2025-07-01 08:00:00'),
(7, 'Surat Keterangan Kematian', 'Pencatatan Sipil', 'Penerbitan surat keterangan kematian untuk ahli waris.', 'https://forms.gle/SuratKematianDesa', '2025-07-02 09:00:00', '2025-07-02 09:00:00'),
(8, 'Legalisasi Dokumen Desa', 'Kependudukan', 'Layanan legalisasi atau pengesahan dokumen yang diterbitkan desa.', 'https://forms.gle/LegalisasiDokumen', '2025-07-03 10:00:00', '2025-07-03 10:00:00'),
(9, 'Pengajuan Bantuan Sosial', 'Kependudukan', 'Pengajuan permohonan bantuan sosial bagi warga yang membutuhkan.', 'https://forms.gle/BantuanSosialDesa', '2025-07-04 11:00:00', '2025-07-04 11:00:00'),
(10, 'Konsultasi Hukum Desa', 'Kependudukan', 'Layanan konsultasi hukum dasar bagi warga terkait masalah desa.', 'https://forms.gle/KonsultasiHukumDesa', '2025-07-05 13:00:00', '2025-07-05 13:00:00'),
(11, 'Pengurusan Pindah Datang', 'Kependudukan', 'Layanan administrasi pindah datang penduduk antar desa/kota.', 'https://forms.gle/PindahDatangDesa', '2025-07-06 08:30:00', '2025-07-06 08:30:00'),
(12, 'Surat Keterangan Usaha (SKU)', 'Kependudukan', 'Penerbitan Surat Keterangan Usaha bagi pelaku UMKM di desa.', 'https://forms.gle/SKUDesaBahontobungku', '2025-07-07 09:30:00', '2025-07-07 09:30:00'),
(13, 'Permohonan Bantuan Dana Pendidikan', 'Kependudukan', 'Pengajuan permohonan bantuan dana pendidikan untuk siswa/mahasiswa berprestasi atau kurang mampu.', 'https://forms.gle/BantuanPendidikanDesa', '2025-07-08 10:30:00', '2025-07-08 10:30:00'),
(14, 'Pengajuan Izin Keramaian', 'Kependudukan', 'Permohonan izin penyelenggaraan kegiatan keramaian di lingkungan desa.', 'https://forms.gle/IzinKeramaianDesa', '2025-07-09 11:30:00', '2025-07-09 11:30:00'),
(15, 'Surat Keterangan Tidak Mampu (SKTM)', 'Kependudukan', 'Penerbitan SKTM untuk berbagai keperluan sosial dan pendidikan.', 'https://forms.gle/SKTMDesaBahontobungku', '2025-07-10 13:00:00', '2025-07-10 13:00:00'),
(16, 'Pengurusan Akta Perceraian', 'Pencatatan Sipil', 'Layanan pengurusan akta perceraian sesuai prosedur hukum.', 'https://forms.gle/AktaPerceraianDesa', '2025-07-11 14:00:00', '2025-07-11 14:00:00'),
(17, 'Pelayanan PBB (Pajak Bumi Bangunan)', 'Kependudukan', 'Informasi dan pembayaran PBB serta pengurusan objek pajak baru.', 'https://forms.gle/PBBDesaBahontobungku', '2025-07-12 08:00:00', '2025-07-12 08:00:00'),
(18, 'Pengaduan Masyarakat', 'Kependudukan', 'Saluran pengaduan bagi masyarakat terkait pelayanan atau masalah desa.', 'https://forms.gle/PengaduanDesa', '2025-07-13 09:00:00', '2025-07-13 09:00:00'),
(19, 'Bantuan Hukum Gratis', 'Kependudukan', 'Layanan bantuan hukum gratis bagi warga desa yang membutuhkan.', 'https://forms.gle/BantuanHukumGratis', '2025-07-14 10:00:00', '2025-07-14 10:00:00'),
(20, 'Pengurusan Sertifikat Tanah', 'Kependudukan', 'Bantuan pengurusan sertifikat tanah melalui program PTSL (Pendaftaran Tanah Sistematis Lengkap).', 'https://forms.gle/SertifikatTanahDesa', '2025-07-15 11:00:00', '2025-07-15 11:00:00');

-- pengumuman (Pengumuman)
INSERT INTO pengumuman (id, judul, isi, tanggal_mulai, tanggal_selesai) VALUES
(1, 'Jadwal Musyawarah Desa Tahunan', 'Diberitahukan kepada seluruh warga Desa Bahontobungku, akan diadakan Musyawarah Desa Tahunan pada tanggal 25 Juli 2025 di Balai Desa. Diharapkan kehadiran bapak/ibu untuk membahas rencana pembangunan desa.', '2025-07-10', '2025-07-25'),
(2, 'Program Vaksinasi Massal COVID-19', 'Pemerintah Desa Bahontobungku bekerja sama dengan Puskesmas akan mengadakan program vaksinasi massal COVID-19 dosis booster pada tanggal 20 Juli 2025 di Balai Desa. Mohon membawa KTP.', '2025-07-05', '2025-07-20'),
(3, 'Pendaftaran Bantuan Bibit Unggul Pertanian', 'Bagi petani di Desa Bahontobungku yang berminat mendapatkan bantuan bibit unggul, pendaftaran dibuka mulai tanggal 18 Juli hingga 30 Juli 2025 di Kantor Desa.', '2025-07-18', '2025-07-30'),
(4, 'Lomba Kebersihan Lingkungan Antar Dusun', 'Dalam rangka memperingati Hari Kemerdekaan RI, akan diadakan lomba kebersihan lingkungan antar dusun. Penilaian akan dilaksanakan pada tanggal 10 Agustus 2025. Mari jaga kebersihan desa kita!', '2025-07-01', '2025-08-10'),
(5, 'Pengaktifan Kembali Posyandu Balita dan Lansia', 'Posyandu Balita dan Lansia Desa Bahontobungku akan aktif kembali setiap hari Selasa minggu pertama dan ketiga setiap bulan, dimulai tanggal 2 Juli 2025. Mohon partisipasi ibu-ibu dan lansia.', '2025-06-25', '2025-12-31'),
(6, 'Sosialisasi Program Keluarga Harapan (PKH) Baru', 'Akan dilaksanakan sosialisasi program PKH bagi calon penerima manfaat baru pada tanggal 22 Juli 2025 di Balai Desa. Diharapkan kehadiran perwakilan keluarga yang telah didata.', '2025-07-15', '2025-07-22'),
(7, 'Jadwal Ronda Malam Lingkungan', 'Kepada seluruh kepala keluarga, dimohon untuk memperhatikan jadwal ronda malam lingkungan yang telah disepakati. Keamanan desa adalah tanggung jawab bersama. Jadwal terbaru dapat dilihat di papan pengumuman desa.', '2025-07-01', '2025-12-31'),
(8, 'Program Pelatihan Keterampilan Digital untuk Pemuda', 'Pemerintah desa membuka pendaftaran untuk program pelatihan keterampilan digital (desain grafis dan pemasaran online) bagi pemuda/i usia 18-25 tahun. Pendaftaran hingga 5 Agustus 2025.', '2025-07-20', '2025-08-05'),
(9, 'Imbauan Waspada Kebakaran Hutan dan Lahan', 'Mengingat musim kemarau, diimbau kepada seluruh warga untuk meningkatkan kewaspadaan terhadap potensi kebakaran hutan dan lahan. Hindari pembakaran sampah sembarangan.', '2025-07-01', '2025-10-31'),
(10, 'Penerimaan Peserta Didik Baru PAUD Bahontobungku', 'Pendaftaran Peserta Didik Baru PAUD Desa Bahontobungku Tahun Ajaran 2025/2026 dibuka mulai tanggal 1 Agustus hingga 31 Agustus 2025 di gedung PAUD.', '2025-08-01', '2025-08-31'),
(11, 'Pemberitahuan Pemadaman Listrik Terjadwal', 'Sehubungan dengan pemeliharaan jaringan, akan ada pemadaman listrik terjadwal di sebagian wilayah desa pada tanggal 26 Juli 2025, pukul 09.00-12.00 WITA. Mohon maaf atas ketidaknyamanan.', '2025-07-20', '2025-07-26'),
(12, 'Pengambilan Bantuan Langsung Tunai (BLT) Dana Desa', 'Bagi penerima BLT Dana Desa, pengambilan bantuan dapat dilakukan di Balai Desa pada tanggal 28-30 Juli 2025, pukul 09.00-15.00 WITA. Harap membawa KTP dan KK asli.', '2025-07-25', '2025-07-30'),
(13, 'Jadwal Kebersihan Lingkungan Rutin', 'Diingatkan kembali kepada seluruh warga untuk melaksanakan kegiatan kebersihan lingkungan rutin setiap hari Minggu pagi di lingkungan masing-masing. Mari jaga kebersihan desa kita.', '2025-07-01', '2025-12-31'),
(14, 'Pendaftaran Calon Anggota Karang Taruna', 'Karang Taruna Desa Bahontobungku membuka pendaftaran anggota baru bagi pemuda/i usia 16-25 tahun. Pendaftaran dibuka hingga 15 Agustus 2025 di Sekretariat Karang Taruna.', '2025-07-25', '2025-08-15'),
(15, 'Sosialisasi Program Ketahanan Pangan Desa', 'Akan diadakan sosialisasi program ketahanan pangan desa, termasuk budidaya sayuran hidroponik dan ternak lele, pada tanggal 1 Agustus 2025 di Balai Desa. Terbuka untuk umum.', '2025-07-28', '2025-08-01'),
(16, 'Imbauan Penggunaan Air Bersih Secara Hemat', 'Mengingat musim kemarau, diimbau kepada seluruh warga untuk menggunakan air bersih secara hemat dan bijak. Laporkan jika ada kebocoran pipa air.', '2025-07-20', '2025-10-31'),
(17, 'Pelatihan Peningkatan Kapasitas Aparatur Desa', 'Aparatur Desa Bahontobungku akan mengikuti pelatihan peningkatan kapasitas di Kantor Camat pada tanggal 3-5 Agustus 2025. Pelayanan kantor desa mungkin sedikit terganggu.', '2025-08-01', '2025-08-05'),
(18, 'Pengumuman Hasil Seleksi Penerima Bantuan Usaha Kecil', 'Hasil seleksi penerima bantuan usaha kecil dari pemerintah desa akan diumumkan pada tanggal 7 Agustus 2025 di papan pengumuman desa dan website resmi desa.', '2025-08-05', '2025-08-07'),
(19, 'Jadwal Posyandu Keliling Dusun', 'Untuk menjangkau seluruh warga, Posyandu akan mengadakan layanan keliling di setiap dusun. Jadwal lengkap dapat dilihat di papan pengumuman masing-masing dusun.', '2025-08-01', '2025-12-31'),
(20, 'Peringatan Hari Raya Idul Adha 1447 H', 'Pemerintah Desa Bahontobungku mengucapkan Selamat Hari Raya Idul Adha 1447 H. Mari tingkatkan semangat berkurban dan kebersamaan. Pelaksanaan sholat Idul Adha akan diumumkan lebih lanjut.', '2025-06-10', '2025-06-17'); -- Tanggal ini disesuaikan dengan perkiraan Idul Adha 2026

-- suratkeluar (Surat Keluar)
INSERT INTO surat_keluar (id, nomor_surat, penerima, perihal, tanggal_kirim, file) VALUES
(1, '001/SK/DB/VII/2025', 'Dinas Pemberdayaan Masyarakat dan Desa Kab. Morowali', 'Laporan Realisasi Anggaran Dana Desa Tahap I Tahun 2025', '2025-07-01', '1742707200001.pdf'),
(2, '002/SK/DB/VII/2025', 'Kantor Kecamatan Bahodopi', 'Permohonan Fasilitasi Pelatihan Budidaya Rumput Laut', '2025-07-02', '1742707200002.pdf'),
(3, '003/SK/DB/VII/2025', 'Kepala Dinas Kesehatan Kab. Morowali', 'Permohonan Bantuan Tenaga Medis untuk Posyandu', '2025-07-03', '1742707200003.pdf'),
(4, '004/SK/DB/VII/2025', 'PT. Morowali Nickel Industry', 'Undangan Rapat Koordinasi Program CSR Desa', '2025-07-04', '1742707200004.pdf'),
(5, '005/SK/DB/VII/2025', 'Badan Pusat Statistik Kab. Morowali', 'Permohonan Data Demografi Penduduk Desa Bahontobungku', '2025-07-05', '1742707200005.pdf'),
(6, '006/SK/DB/VII/2025', 'Kepala Kepolisian Sektor Bahodopi', 'Laporan Kejadian Gangguan Keamanan Lingkungan', '2025-07-06', '1742707200006.pdf'),
(7, '007/SK/DB/VII/2025', 'Dinas Pendidikan dan Kebudayaan Kab. Morowali', 'Usulan Program Peningkatan Kualitas Pendidikan Desa', '2025-07-07', '1742707200007.pdf'),
(8, '008/SK/DB/VII/2025', 'Bank Rakyat Indonesia (BRI) Unit Bahodopi', 'Permohonan Kerjasama Penyaluran Bantuan Sosial', '2025-07-08', '1742707200008.pdf'),
(9, '009/SK/DB/VII/2025', 'Dinas Lingkungan Hidup Kab. Morowali', 'Permohonan Bantuan Bibit Mangrove untuk Konservasi', '2025-07-09', '1742707200009.pdf'),
(10, '010/SK/DB/VII/2025', 'Kementerian Komunikasi dan Informatika RI', 'Permohonan Bantuan Akses Internet Desa', '2025-07-10', '1742707200010.pdf'),
(11, '011/SK/DB/VII/2025', 'Dinas Perumahan dan Kawasan Permukiman Kab. Morowali', 'Usulan Pembangunan Rumah Layak Huni bagi Warga Miskin', '2025-07-11', '1742707200011.pdf'),
(12, '012/SK/DB/VII/2025', 'Badan Penanggulangan Bencana Daerah (BPBD) Kab. Morowali', 'Permohonan Bantuan Logistik Bencana Alam', '2025-07-12', '1742707200012.pdf'),
(13, '013/SK/DB/VII/2025', 'Dinas Pariwisata Kab. Morowali', 'Laporan Potensi Wisata Desa Bahontobungku', '2025-07-13', '1742707200013.pdf'),
(14, '014/SK/DB/VII/2025', 'Kementerian Pertanian RI', 'Permohonan Program Bantuan Alat Pertanian', '2025-07-14', '1742707200014.pdf'),
(15, '015/SK/DB/VII/2025', 'Dinas Sosial Kab. Morowali', 'Permohonan Data Penerima Bantuan Sosial Tahap III', '2025-07-15', '1742707200015.pdf'),
(16, '016/SK/DB/VII/2025', 'PLN Rayon Morowali', 'Pengajuan Penambahan Daya Listrik untuk Fasilitas Umum', '2025-07-16', '1742707200016.pdf'),
(17, '017/SK/DB/VII/2025', 'Dinas Perhubungan Kab. Morowali', 'Usulan Perbaikan Akses Jalan Menuju Pelabuhan Desa', '2025-07-17', '1742707200017.pdf'),
(18, '018/SK/DB/VII/2025', 'Badan Kepegawaian Daerah (BKD) Kab. Morowali', 'Permohonan Pengisian Formasi Jabatan Perangkat Desa', '2025-07-18', '1742707200018.pdf'),
(19, '019/SK/DB/VII/2025', 'Dinas Koperasi dan UKM Kab. Morowali', 'Laporan Perkembangan BUMDes Bahontobungku', '2025-07-19', '1742707200019.pdf'),
(20, '020/SK/DB/VII/2025', 'Kementerian Lingkungan Hidup dan Kehutanan RI', 'Permohonan Dukungan Program Konservasi Hutan Mangrove', '2025-07-20', '1742707200020.pdf');

-- suratmasuk (Surat Masuk)
INSERT INTO surat_masuk (id, nomor_surat, pengirim, perihal, tanggal_terima, file) VALUES
(1, '001/SM/DPMD/VI/2025', 'Dinas Pemberdayaan Masyarakat dan Desa Kab. Morowali', 'Pemberitahuan Pencairan Dana Desa Tahap II', '2025-06-25', '1742707300001.pdf'),
(2, '002/SM/DKP/VI/2025', 'Dinas Kelautan dan Perikanan Kab. Morowali', 'Undangan Pelatihan Budidaya Rumput Laut', '2025-06-26', '1742707300002.pdf'),
(3, '003/SM/DINKES/VI/2025', 'Dinas Kesehatan Kab. Morowali', 'Pemberitahuan Jadwal Imunisasi Balita Serentak', '2025-06-27', '1742707300003.pdf'),
(4, '004/SM/PTMI/VI/2025', 'PT. Morowali Tambang Makmur Indonesia', 'Penawaran Program Kemitraan CSR', '2025-06-28', '1742707300004.pdf'),
(5, '005/SM/BPS/VI/2025', 'Badan Pusat Statistik Kab. Morowali', 'Permohonan Data Monografi Desa Tahun 2025', '2025-06-29', '1742707300005.pdf'),
(6, '006/SM/POLSEK/VII/2025', 'Kepala Kepolisian Sektor Bahodopi', 'Imbauan Peningkatan Keamanan Jelang Hari Raya', '2025-07-01', '1742707300006.pdf'),
(7, '007/SM/DIKBUD/VII/2025', 'Dinas Pendidikan dan Kebudayaan Kab. Morowali', 'Pemberitahuan Alokasi Dana BOS untuk PAUD Desa', '2025-07-02', '1742707300007.pdf'),
(8, '008/SM/BRI/VII/2025', 'Bank Rakyat Indonesia (BRI) Unit Bahodopi', 'Konfirmasi Kerjasama Penyaluran Bantuan Sosial', '2025-07-03', '1742707300008.pdf'),
(9, '009/SM/DLH/VII/2025', 'Dinas Lingkungan Hidup Kab. Morowali', 'Jadwal Pengambilan Sampah Rutin Desa', '2025-07-04', '1742707300009.pdf'),
(10, '010/SM/KEMKOMINFO/VII/2025', 'Kementerian Komunikasi dan Informatika RI', 'Tindak Lanjut Permohonan Akses Internet Desa', '2025-07-05', '1742707300010.pdf'),
(11, '011/SM/DISHUB/VII/2025', 'Dinas Perhubungan Kab. Morowali', 'Pemberitahuan Survei Kondisi Jalan Desa', '2025-07-06', '1742707300011.pdf'),
(12, '012/SM/BPBD/VII/2025', 'Badan Penanggulangan Bencana Daerah (BPBD) Kab. Morowali', 'Peringatan Dini Potensi Bencana Tanah Longsor', '2025-07-07', '1742707300012.pdf'),
(13, '013/SM/DISPAR/VII/2025', 'Dinas Pariwisata Kab. Morowali', 'Undangan Rapat Koordinasi Pengembangan Destinasi Wisata', '2025-07-08', '1742707300013.pdf'),
(14, '014/SM/KEMENTAN/VII/2025', 'Kementerian Pertanian RI', 'Pemberitahuan Program Bantuan Bibit Pertanian', '2025-07-09', '1742707300014.pdf'),
(15, '015/SM/DINSOS/VII/2025', 'Dinas Sosial Kab. Morowali', 'Permohonan Verifikasi Data Penerima Bantuan Sosial', '2025-07-10', '1742707300015.pdf'),
(16, '016/SM/PLN/VII/2025', 'PLN Rayon Morowali', 'Pemberitahuan Jadwal Pemeliharaan Jaringan Listrik', '2025-07-11', '1742707300016.pdf'),
(17, '017/SM/DISHUT/VII/2025', 'Dinas Kehutanan Kab. Morowali', 'Undangan Sosialisasi Pencegahan Kebakaran Hutan', '2025-07-12', '1742707300017.pdf'),
(18, '018/SM/BPD/VII/2025', 'Badan Permusyawaratan Desa (BPD) Bahontobungku', 'Permohonan Peninjauan Rancangan Perdes APBDes', '2025-07-13', '1742707300018.pdf'),
(19, '019/SM/KEMENDES/VII/2025', 'Kementerian Desa, PDT, dan Transmigrasi RI', 'Pemberitahuan Program Peningkatan Kapasitas BUMDes', '2025-07-14', '1742707300019.pdf'),
(20, '020/SM/KEMENAG/VII/2025', 'Kementerian Agama Kab. Morowali', 'Undangan Koordinasi Persiapan Hari Raya Keagamaan', '2025-07-15', '1742707300020.pdf');

-- user (Pengguna)
INSERT INTO "user" (id, nama, email, password, role, last_login) VALUES
(1, 'admin', 'bahontobungku@gmail.com', '$2b$10$0lhM4fnWmiuHUIK.KW0pJONH/ovPl4yQVErHW24NrCCc6w4xrBMAO', 'superadmin', NULL);
